CREATE DATABASE  IF NOT EXISTS `sgs` /*!40100 DEFAULT CHARACTER SET utf8 */;
USE `sgs`;
-- MySQL dump 10.13  Distrib 5.5.47, for debian-linux-gnu (x86_64)
--
-- Host: localhost    Database: sgs
-- ------------------------------------------------------
-- Server version	5.5.47-0ubuntu0.14.04.1-log

/*!40101 SET @OLD_CHARACTER_SET_CLIENT=@@CHARACTER_SET_CLIENT */;
/*!40101 SET @OLD_CHARACTER_SET_RESULTS=@@CHARACTER_SET_RESULTS */;
/*!40101 SET @OLD_COLLATION_CONNECTION=@@COLLATION_CONNECTION */;
/*!40101 SET NAMES utf8 */;
/*!40103 SET @OLD_TIME_ZONE=@@TIME_ZONE */;
/*!40103 SET TIME_ZONE='+00:00' */;
/*!40014 SET @OLD_UNIQUE_CHECKS=@@UNIQUE_CHECKS, UNIQUE_CHECKS=0 */;
/*!40014 SET @OLD_FOREIGN_KEY_CHECKS=@@FOREIGN_KEY_CHECKS, FOREIGN_KEY_CHECKS=0 */;
/*!40101 SET @OLD_SQL_MODE=@@SQL_MODE, SQL_MODE='NO_AUTO_VALUE_ON_ZERO' */;
/*!40111 SET @OLD_SQL_NOTES=@@SQL_NOTES, SQL_NOTES=0 */;

--
-- Table structure for table `departments`
--

DROP TABLE IF EXISTS `departments`;
/*!40101 SET @saved_cs_client     = @@character_set_client */;
/*!40101 SET character_set_client = utf8 */;
CREATE TABLE `departments` (
  `id` int(11) NOT NULL AUTO_INCREMENT,
  `name` varchar(60) COLLATE utf8_unicode_ci NOT NULL COMMENT 'Nombre del Departamento',
  `code` varchar(10) COLLATE utf8_unicode_ci NOT NULL COMMENT 'Codigo del Departamento',
  PRIMARY KEY (`id`),
  UNIQUE KEY `UNIQ_16AEB8D477153098` (`code`)
) ENGINE=InnoDB AUTO_INCREMENT=34 DEFAULT CHARSET=utf8 COLLATE=utf8_unicode_ci COMMENT='Contiene los departamentos de Colombia';
/*!40101 SET character_set_client = @saved_cs_client */;

--
-- Dumping data for table `departments`
--

LOCK TABLES `departments` WRITE;
/*!40000 ALTER TABLE `departments` DISABLE KEYS */;
INSERT INTO `departments` VALUES (1,'ANTIOQUIA','05'),(2,'ATLÁNTICO','08'),(3,'BOGOTÁ, D. C.','11'),(4,'BOLÍVAR','13'),(5,'BOYACÁ','15'),(6,'CALDAS','17'),(7,'CAQUETÁ','18'),(8,'CAUCA','19'),(9,'CESAR','20'),(10,'CÓRDOBA','23'),(11,'CUNDINAMARCA','25'),(12,'CHOCÓ','27'),(13,'HUILA','41'),(14,'LA GUAJIRA','44'),(15,'MAGDALENA','47'),(16,'META','50'),(17,'NARIÑO','52'),(18,'NORTE DE SANTANDER','54'),(19,'QUINDÍO','63'),(20,'RISARALDA','66'),(21,'SANTANDER','68'),(22,'SUCRE','70'),(23,'TOLIMA','73'),(24,'VALLE DEL CAUCA','76'),(25,'ARAUCA','81'),(26,'CASANARE','85'),(27,'PUTUMAYO','86'),(28,'ARCHIPIÉLAGO DE SAN ANDRÉS, PROVIDENCIA Y ','88'),(29,'AMAZONAS','91'),(30,'GUAINÍA','94'),(31,'GUAVIARE','95'),(32,'VAUPÉS','97'),(33,'VICHADA','99');
/*!40000 ALTER TABLE `departments` ENABLE KEYS */;


-- Dump completed on 2016-02-22 15:25:19

INSERT INTO `guilds` VALUES (1,'Gestarsalud'),(2,'Acemi'),(3,'Sin Gremio'),(4,'Asocajas'),(5,'CAPRECOM'),(6,'No aplica');


INSERT INTO `health_promotion_entities` VALUES (1,2,'ALIANSALUD ENTIDAD PROMOTORA DE SALUD S.A.','ALIANSALUD EPS','EPS001',1,'PRIVADA'),(2,3,'ANASWAYUU','ANAS WAYUU EPSI','EPSI04',1,'INDIGENAS'),(3,3,'ASOCIACIÓN INDÍGENA DEL CAUCA','AIC EPSI ','EPSI03',1,'INDIGENAS'),(4,3,'ASOCIACIÓN INDÍGENA DEL CESAR Y LA GUAJIRA  DUSAKAWI','DUSAKAWI EPSI','EPSI01',1,'INDIGENAS'),(5,1,'ASOCIACIÓN MUTUAL BARRIOS UNIDOS DE QUIBDÓ E.S.S.','AMBUQ','ESS076',1,'SOLIDARIAS'),(6,1,'ASOCIACIÓN MUTUAL EMPRESA SOLIDARIA DE SALUD DE NARIÑO E.S.S. EMSSANAR E.S.S.','EMSSANAR ','ESS118',1,'SOLIDARIAS'),(7,1,'ASOCIACIÓN MUTUAL LA ESPERANZA ASMET  SALUD','ASMET ','ESS062',1,'SOLIDARIAS'),(8,3,'ASOCIACIÓN MUTUAL SER EMPRESA SOLIDARIA DE SALUD ESS','ASOCIACION MUTUAL SER EPS','ESS207',1,'SOLIDARIAS'),(9,1,'CAFESALUD  E.P.S.  S.A.','CAFESALUD  E.P.S.  S.A.','EPSS03',1,'PRIVADA'),(10,4,'CAJA DE COMPENSACIÓN FAMILIAR  DE CARTAGENA \"COMFAMILIAR CARTAGENA\"','COMFAMILIAR ','CCF007',1,'CAJAS DE COMPENSACION'),(11,4,'CAJA DE COMPENSACIÓN FAMILIAR C.C.F. DEL ORIENTE COLOMBIANO \"COMFAORIENTE\"','COMFAORIENTE ','CCF049',1,'CAJAS DE COMPENSACION'),(12,4,'CAJA DE COMPENSACION FAMILIAR CAFAM','CAFAM','CCF018',1,'CAJAS DE COMPENSACION'),(13,4,'CAJA DE COMPENSACIÓN FAMILIAR DE ANTIOQUIA  COMFAMA','COMFAMA ','CCF002',1,'CAJAS DE COMPENSACION'),(14,4,'CAJA DE COMPENSACIÓN FAMILIAR DE BOYACÁ COMFABOY','COMFABOY ','CCF009',1,'CAJAS DE COMPENSACION'),(15,4,'CAJA DE COMPENSACION FAMILIAR DE CORDOBA  COMFACOR','CAJA DE COMPENSACION FAMILIAR DE CORDOBA','CCF015',1,'CAJAS DE COMPENSACION'),(16,4,'CAJA DE COMPENSACIÓN FAMILIAR DE CUNDINAMARCA COMFACUNDI','COMFACUNDI ','CCF053',1,'CAJAS DE COMPENSACION'),(17,4,'CAJA DE COMPENSACIÓN FAMILIAR DE LA GUAJIRA','CAJA DE COMPENSACION FAMILIAR DE LA GUAJIRA','CCF023',1,'CAJAS DE COMPENSACION'),(18,4,'CAJA DE COMPENSACIÓN FAMILIAR DE NARIÑO \"COMFAMILIAR NARIÑO\"','EPS CAJA DE COMPENSACION FAMILIAR DE NARIÑO','CCF027',1,'CAJAS DE COMPENSACION'),(19,4,'CAJA DE COMPENSACIÓN FAMILIAR DE SUCRE','COMFASUCRE EPS','CCF033',1,'CAJAS DE COMPENSACION'),(20,4,'CAJA DE COMPENSACIÓN FAMILIAR DEL CHOCÓ COMFACHOCO','COMFACHOCO ','CCF102',1,'CAJAS DE COMPENSACION'),(21,4,'CAJA DE COMPENSACIÓN FAMILIAR DEL HUILA \"COMFAMILIAR\"','COMFAMILIAR HUILA','CCF024',1,'CAJAS DE COMPENSACION'),(22,4,'CAJA DE COMPENSACIÓN FAMILIAR DEL NORTE DE SANTANDER  \"COMFANORTE\"','CAJA DE COMPENSACIÓN FAMILIAR DEL NORTE DE SANTANDER  \"COMFANORTE\"','CCF045',1,'CAJAS DE COMPENSACION'),(23,1,'CAJA DE DE COMPENSACION FAMILIAR  CAJACOPI ATLANTICO','CAJACOPI ','CCF055',1,'CAJAS DE COMPENSACION'),(24,3,'CAPITAL SALUD','CAPITAL SALUD EPS','EPSS34',1,'MIXTA'),(25,5,'CAPRECOM EPS','CAPRECOM ','EPS020',1,'PUBLICA'),(26,3,'CAPRESOCA  EPS','CAPRESOCA EPS','EPS025',1,'PUBLICA'),(27,6,'CAPRUIS','CAPRUIS','No Aplica',1,'EXCEPCION'),(28,4,'COLSUBSIDIO','CAJA COLOMBIANA DE SUBSIDIO FAMILIAR','CCF101',1,'CAJAS DE COMPENSACION'),(29,4,'COMFENALCO  VALLE  E.P.S.','COMFENALCO VALLE EPS','EPS012',1,'PRIVADA'),(30,2,'COMPENSAR   E.P.S.','COMPENSAR','EPS008',1,'PRIVADA'),(31,2,'COOMEVA   E.P.S.  S.A.','COOMEVA EPS S A','EPS016',1,'PRIVADA'),(32,1,'COOPERATIVA DE SALUD COMUNITARIA-COMPARTA','COMPARTA ','ESS133',1,'SOLIDARIAS'),(33,1,'COOPERATIVA DE SALUD Y DESARROLLO INTEGRAL ZONA SUR ORIENTAL DE CARTAGENA LTDA. COOSALUD E.S.S.','COOSALUD ESS EPS','ESS024',1,'SOLIDARIAS'),(34,2,'CRUZ BLANCA  EPS S.A.','CRUZ BLANCA EPS','EPS023',1,'PRIVADA'),(35,2,'E.P.S.  FAMISANAR  LTDA.','EPS FAMISANAR LTDA','EPS017',1,'PRIVADA'),(36,3,'E.P.S.  SALUDCOOP','SALUDCOOP EPS','EPS013',1,'PRIVADA'),(37,2,'E.P.S.  SANITAS  S.A.','EPS SANITAS','EPS005',1,'PRIVADA'),(38,3,'EMPRESA MUTUAL PARA EL DESARROLLO INTEGRAL  DE LA SALUD E.S.S. EMDISALUD ESS','EMDISALUD ','ESS002',1,'SOLIDARIAS'),(39,3,'EMPRESAS PUBLICAS DE MEDELLIN-DEPARTAMENTO MEDICO','UNIDAD SERVICIO MEDICO Y ODONTOLOGICO DE EMPRESAS PUBLICAS DE MEDELLIN EAS016','EAS016',1,'PUBLICA'),(40,1,'ENTIDAD COOPERATIVA SOL.DE SALUD DEL NORTE DE SOACHA ECOOPSOS','ECOOPSOS ','ESS091',1,'SOLIDARIAS'),(41,3,'EPS  CONVIDA','CONVIDA ','EPS022',1,'PRIVADA'),(42,2,'EPS SERVICIO OCCIDENTAL DE SALUD  S.A. - EPS S.O.S. S.A.','SERVICIO OCCIDENTAL DE SALUD SA SOS','EPS018',1,'PRIVADA'),(43,3,'FONDO DE PASIVO SOCIAL DE LOS FERROCARRILES NALES','FONDO PASIVO SOCIAL FERROCARRILES NACIONALES DE COLOMBIA','EAS027',1,'PRIVADA'),(44,3,'GOLDEN GROUP S.A. EPS','GOLDEN GROUP S.A. EPS','EPS039',1,'PRIVADA'),(45,3,'HUMANA VIVIR S.A. E.P.S.','HUMANA VIVIR ARS','EPS014',1,'PRIVADA'),(46,3,'MALLAMAS','MALLAMAS ','EPSI05',1,'INDIGENAS'),(47,3,'MANEXKA EPSI','MANEXKA EPSI','EPSI02',1,'INDIGENAS'),(48,NULL,'MULTIMEDICAS SALUD CON CALIDAD EPS S.A.','MULTIMEDICAS SALUD CON CALIDAD EPS S.A.','EPS038',1,'NO APLICA'),(49,3,'PIJAOS SALUD EPSI','PIJAOS SALUD EPS ','EPSI06',1,'INDIGENAS'),(50,1,'SALUDVIDA S.A .E.P.S','SALUDVIDA S.A .E.P.S','EPSS33',1,'PRIVADA'),(51,3,'SOLSALUD  E.P.S.  S.A','SOLSALUD  E.P.S.  S.A','EPSS26',1,'PRIVADA'),(56,6,'REGIMEN DE EXCEPCION','REGIMEN DE EXCEPCION','No Aplica',1,'EXCEPCION'),(57,NULL,'SALUDCOLOMBIA EPS S.A.','SALUDCOLOMBIA EPS S.A.','EPS034',1,'NO APLICA'),(58,NULL,'UATLANTICO','UATLANTICO','REUE09',1,'NO APLICA'),(59,6,'UNISALUD','UNISALUD','RES014',1,'EXCEPCION'),(60,NULL,'UPTC','UPTC','RES014',1,'NO APLICA'),(61,NULL,'SAVIA SALUD EPS','SAVIA SALUD EPS','CCF002',1,'NO APLICA'),(62,NULL,'REGIMEN DE EXCEPCION','REGIMEN DE EXCEPCION','000000',1,'NO APLICA'),(63,NULL,'LA NUEVA EPS S.A.','LA NUEVA EPS S.A.','EPS037',1,'NO APLICA'),(64,NULL,'ECOPETROL','ECOPETROL','RES002',1,''),(65,NULL,'UCARTAGENA','UCARTAGENA','REUE04',1,''),(66,NULL,'UVALLE','UVALLE','RES007',1,'');


INSERT INTO `health_promotion_entities` (name,alias,code,status,legal)
VALUES ('NUEVA EPS S.A.','NUEVA EPS S.A.','EPS037',1,'NO APLICA')
,('SALUD  TOTAL  S.A.  E.P.S.','SALUD  TOTAL  S.A.  E.P.S.','EPS002',1,'NO APLICA'),
('EPS Y MEDICINA PREPAGADA SURAMERICANA S.A','EPS SURA ','EPS010',1,'NO APLICA');

INSERT INTO `payer_types` VALUES (1,'DEPT-DEPARTAMENTOS'),(2,'FOSYGA'),(3,'DI - DISTRITOS');

--
-- Table structure for table `municipalities`
--

DROP TABLE IF EXISTS `municipalities`;
/*!40101 SET @saved_cs_client     = @@character_set_client */;
/*!40101 SET character_set_client = utf8 */;
CREATE TABLE `municipalities` (
  `id` int(11) NOT NULL AUTO_INCREMENT,
  `department_id` int(11) DEFAULT NULL,
  `name` varchar(60) COLLATE utf8_unicode_ci NOT NULL COMMENT 'Nombre del Municipios',
  `code` varchar(10) COLLATE utf8_unicode_ci NOT NULL COMMENT 'Codigo del Municipio',
  PRIMARY KEY (`id`),
  UNIQUE KEY `UNIQ_75F5A2D977153098` (`code`),
  KEY `IDX_75F5A2D9AE80F5DF` (`department_id`),
  CONSTRAINT `FK_75F5A2D9AE80F5DF` FOREIGN KEY (`department_id`) REFERENCES `departments` (`id`)
) ENGINE=InnoDB AUTO_INCREMENT=1123 DEFAULT CHARSET=utf8 COLLATE=utf8_unicode_ci COMMENT='Contiene los Municipios de Colombia';
/*!40101 SET character_set_client = @saved_cs_client */;

--
-- Dumping data for table `municipalities`
--

LOCK TABLES `municipalities` WRITE;
/*!40000 ALTER TABLE `municipalities` DISABLE KEYS */;
INSERT INTO `municipalities` VALUES (1,1,'MEDELLÍN','05001'),(2,1,'ABEJORRAL','05002'),(3,1,'ABRIAQUÍ','05004'),(4,1,'ALEJANDRÍA','05021'),(5,1,'AMAGÁ','05030'),(6,1,'AMALFI','05031'),(7,1,'ANDES','05034'),(8,1,'ANGELÓPOLIS','05036'),(9,1,'ANGOSTURA','05038'),(10,1,'ANORÍ','05040'),(11,1,'SANTA FÉ DE ANTIOQUIA','05042'),(12,1,'ANZÁ','05044'),(13,1,'APARTADÓ','05045'),(14,1,'ARBOLETES','05051'),(15,1,'ARGELIA','05055'),(16,1,'ARMENIA','05059'),(17,1,'BARBOSA','05079'),(18,1,'BELMIRA','05086'),(19,1,'BELLO','05088'),(20,1,'BETANIA','05091'),(21,1,'BETULIA','05093'),(22,1,'CIUDAD BOLÍVAR','05101'),(23,1,'BRICEÑO','05107'),(24,1,'BURITICÁ','05113'),(25,1,'CÁCERES','05120'),(26,1,'CAICEDO','05125'),(27,1,'CALDAS','05129'),(28,1,'CAMPAMENTO','05134'),(29,1,'CAÑASGORDAS','05138'),(30,1,'CARACOLÍ','05142'),(31,1,'CARAMANTA','05145'),(32,1,'CAREPA','05147'),(33,1,'EL CARMEN DE VIBORAL','05148'),(34,1,'CAROLINA','05150'),(35,1,'CAUCASIA','05154'),(36,1,'CHIGORODÓ','05172'),(37,1,'CISNEROS','05190'),(38,1,'COCORNÁ','05197'),(39,1,'CONCEPCIÓN','05206'),(40,1,'CONCORDIA','05209'),(41,1,'COPACABANA','05212'),(42,1,'DABEIBA','05234'),(43,1,'DONMATÍAS','05237'),(44,1,'EBÉJICO','05240'),(45,1,'EL BAGRE','05250'),(46,1,'ENTRERRÍOS','05264'),(47,1,'ENVIGADO','05266'),(48,1,'FREDONIA','05282'),(49,1,'FRONTINO','05284'),(50,1,'GIRALDO','05306'),(51,1,'GIRARDOTA','05308'),(52,1,'GÓMEZ PLATA','05310'),(53,1,'GRANADA','05313'),(54,1,'GUADALUPE','05315'),(55,1,'GUARNE','05318'),(56,1,'GUATAPÉ','05321'),(57,1,'HELICONIA','05347'),(58,1,'HISPANIA','05353'),(59,1,'ITAGÜÍ','05360'),(60,1,'ITUANGO','05361'),(61,1,'JARDÍN','05364'),(62,1,'JERICÓ','05368'),(63,1,'LA CEJA','05376'),(64,1,'LA ESTRELLA','05380'),(65,1,'LA PINTADA','05390'),(66,1,'LA UNIÓN','05400'),(67,1,'LIBORINA','05411'),(68,1,'MACEO','05425'),(69,1,'MARINILLA','05440'),(70,1,'MONTEBELLO','05467'),(71,1,'MURINDÓ','05475'),(72,1,'MUTATÁ','05480'),(73,1,'NARIÑO','05483'),(74,1,'NECOCLÍ','05490'),(75,1,'NECHÍ','05495'),(76,1,'OLAYA','05501'),(77,1,'PEÑOL','05541'),(78,1,'PEQUE','05543'),(79,1,'PUEBLORRICO','05576'),(80,1,'PUERTO BERRÍO','05579'),(81,1,'PUERTO NARE','05585'),(82,1,'PUERTO TRIUNFO','05591'),(83,1,'REMEDIOS','05604'),(84,1,'RETIRO','05607'),(85,1,'RIONEGRO','05615'),(86,1,'SABANALARGA','05628'),(87,1,'SABANETA','05631'),(88,1,'SALGAR','05642'),(89,1,'SAN ANDRÉS DE CUERQUÍA','05647'),(90,1,'SAN CARLOS','05649'),(91,1,'SAN FRANCISCO','05652'),(92,1,'SAN JERÓNIMO','05656'),(93,1,'SAN JOSÉ DE LA MONTAÑA','05658'),(94,1,'SAN JUAN DE URABÁ','05659'),(95,1,'SAN LUIS','05660'),(96,1,'SAN PEDRO DE LOS MILAGROS','05664'),(97,1,'SAN PEDRO DE URABÁ','05665'),(98,1,'SAN RAFAEL','05667'),(99,1,'SAN ROQUE','05670'),(100,1,'SAN VICENTE FERRER','05674'),(101,1,'SANTA BÁRBARA','05679'),(102,1,'SANTA ROSA DE OSOS','05686'),(103,1,'SANTO DOMINGO','05690'),(104,1,'EL SANTUARIO','05697'),(105,1,'SEGOVIA','05736'),(106,1,'SONSÓN','05756'),(107,1,'SOPETRÁN','05761'),(108,1,'TÁMESIS','05789'),(109,1,'TARAZÁ','05790'),(110,1,'TARSO','05792'),(111,1,'TITIRIBÍ','05809'),(112,1,'TOLEDO','05819'),(113,1,'TURBO','05837'),(114,1,'URAMITA','05842'),(115,1,'URRAO','05847'),(116,1,'VALDIVIA','05854'),(117,1,'VALPARAÍSO','05856'),(118,1,'VEGACHÍ','05858'),(119,1,'VENECIA','05861'),(120,1,'VIGÍA DEL FUERTE','05873'),(121,1,'YALÍ','05885'),(122,1,'YARUMAL','05887'),(123,1,'YOLOMBÓ','05890'),(124,1,'YONDÓ','05893'),(125,1,'ZARAGOZA','05895'),(126,2,'BARRANQUILLA','08001'),(127,2,'BARANOA','08078'),(128,2,'CAMPO DE LA CRUZ','08137'),(129,2,'CANDELARIA','08141'),(130,2,'GALAPA','08296'),(131,2,'JUAN DE ACOSTA','08372'),(132,2,'LURUACO','08421'),(133,2,'MALAMBO','08433'),(134,2,'MANATÍ','08436'),(135,2,'PALMAR DE VARELA','08520'),(136,2,'PIOJÓ','08549'),(137,2,'POLONUEVO','08558'),(138,2,'PONEDERA','08560'),(139,2,'PUERTO COLOMBIA','08573'),(140,2,'REPELÓN','08606'),(141,2,'SABANAGRANDE','08634'),(142,2,'SABANALARGA','08638'),(143,2,'SANTA LUCÍA','08675'),(144,2,'SANTO TOMÁS','08685'),(145,2,'SOLEDAD','08758'),(146,2,'SUAN','08770'),(147,2,'TUBARÁ','08832'),(148,2,'USIACURÍ','08849'),(149,3,'BOGOTÁ, D.C.','11001'),(150,4,'CARTAGENA DE INDIAS','13001'),(151,4,'ACHÍ','13006'),(152,4,'ALTOS DEL ROSARIO','13030'),(153,4,'ARENAL','13042'),(154,4,'ARJONA','13052'),(155,4,'ARROYOHONDO','13062'),(156,4,'BARRANCO DE LOBA','13074'),(157,4,'CALAMAR','13140'),(158,4,'CANTAGALLO','13160'),(159,4,'CICUCO','13188'),(160,4,'CÓRDOBA','13212'),(161,4,'CLEMENCIA','13222'),(162,4,'EL CARMEN DE BOLÍVAR','13244'),(163,4,'EL GUAMO','13248'),(164,4,'EL PEÑÓN','13268'),(165,4,'HATILLO DE LOBA','13300'),(166,4,'MAGANGUÉ','13430'),(167,4,'MAHATES','13433'),(168,4,'MARGARITA','13440'),(169,4,'MARÍA LA BAJA','13442'),(170,4,'MONTECRISTO','13458'),(171,4,'MOMPÓS','13468'),(172,4,'MORALES','13473'),(173,4,'NOROSÍ','13490'),(174,4,'PINILLOS','13549'),(175,4,'REGIDOR','13580'),(176,4,'RÍO VIEJO','13600'),(177,4,'SAN CRISTÓBAL','13620'),(178,4,'SAN ESTANISLAO','13647'),(179,4,'SAN FERNANDO','13650'),(180,4,'SAN JACINTO','13654'),(181,4,'SAN JACINTO DEL CAUCA','13655'),(182,4,'SAN JUAN NEPOMUCENO','13657'),(183,4,'SAN MARTÍN DE LOBA','13667'),(184,4,'SAN PABLO','13670'),(185,4,'SANTA CATALINA','13673'),(186,4,'SANTA ROSA','13683'),(187,4,'SANTA ROSA DEL SUR','13688'),(188,4,'SIMITÍ','13744'),(189,4,'SOPLAVIENTO','13760'),(190,4,'TALAIGUA NUEVO','13780'),(191,4,'TIQUISIO','13810'),(192,4,'TURBACO','13836'),(193,4,'TURBANÁ','13838'),(194,4,'VILLANUEVA','13873'),(195,4,'ZAMBRANO','13894'),(196,5,'TUNJA','15001'),(197,5,'ALMEIDA','15022'),(198,5,'AQUITANIA','15047'),(199,5,'ARCABUCO','15051'),(200,5,'BELÉN','15087'),(201,5,'BERBEO','15090'),(202,5,'BETÉITIVA','15092'),(203,5,'BOAVITA','15097'),(204,5,'BOYACÁ','15104'),(205,5,'BRICEÑO','15106'),(206,5,'BUENAVISTA','15109'),(207,5,'BUSBANZÁ','15114'),(208,5,'CALDAS','15131'),(209,5,'CAMPOHERMOSO','15135'),(210,5,'CERINZA','15162'),(211,5,'CHINAVITA','15172'),(212,5,'CHIQUINQUIRÁ','15176'),(213,5,'CHISCAS','15180'),(214,5,'CHITA','15183'),(215,5,'CHITARAQUE','15185'),(216,5,'CHIVATÁ','15187'),(217,5,'CIÉNEGA','15189'),(218,5,'CÓMBITA','15204'),(219,5,'COPER','15212'),(220,5,'CORRALES','15215'),(221,5,'COVARACHÍA','15218'),(222,5,'CUBARÁ','15223'),(223,5,'CUCAITA','15224'),(224,5,'CUÍTIVA','15226'),(225,5,'CHÍQUIZA','15232'),(226,5,'CHIVOR','15236'),(227,5,'DUITAMA','15238'),(228,5,'EL COCUY','15244'),(229,5,'EL ESPINO','15248'),(230,5,'FIRAVITOBA','15272'),(231,5,'FLORESTA','15276'),(232,5,'GACHANTIVÁ','15293'),(233,5,'GÁMEZA','15296'),(234,5,'GARAGOA','15299'),(235,5,'GUACAMAYAS','15317'),(236,5,'GUATEQUE','15322'),(237,5,'GUAYATÁ','15325'),(238,5,'GÜICÁN DE LA SIERRA','15332'),(239,5,'IZA','15362'),(240,5,'JENESANO','15367'),(241,5,'JERICÓ','15368'),(242,5,'LABRANZAGRANDE','15377'),(243,5,'LA CAPILLA','15380'),(244,5,'LA VICTORIA','15401'),(245,5,'LA UVITA','15403'),(246,5,'VILLA DE LEYVA','15407'),(247,5,'MACANAL','15425'),(248,5,'MARIPÍ','15442'),(249,5,'MIRAFLORES','15455'),(250,5,'MONGUA','15464'),(251,5,'MONGUÍ','15466'),(252,5,'MONIQUIRÁ','15469'),(253,5,'MOTAVITA','15476'),(254,5,'MUZO','15480'),(255,5,'NOBSA','15491'),(256,5,'NUEVO COLÓN','15494'),(257,5,'OICATÁ','15500'),(258,5,'OTANCHE','15507'),(259,5,'PACHAVITA','15511'),(260,5,'PÁEZ','15514'),(261,5,'PAIPA','15516'),(262,5,'PAJARITO','15518'),(263,5,'PANQUEBA','15522'),(264,5,'PAUNA','15531'),(265,5,'PAYA','15533'),(266,5,'PAZ DE RÍO','15537'),(267,5,'PESCA','15542'),(268,5,'PISBA','15550'),(269,5,'PUERTO BOYACÁ','15572'),(270,5,'QUÍPAMA','15580'),(271,5,'RAMIRIQUÍ','15599'),(272,5,'RÁQUIRA','15600'),(273,5,'RONDÓN','15621'),(274,5,'SABOYÁ','15632'),(275,5,'SÁCHICA','15638'),(276,5,'SAMACÁ','15646'),(277,5,'SAN EDUARDO','15660'),(278,5,'SAN JOSÉ DE PARE','15664'),(279,5,'SAN LUIS DE GACENO','15667'),(280,5,'SAN MATEO','15673'),(281,5,'SAN MIGUEL DE SEMA','15676'),(282,5,'SAN PABLO DE BORBUR','15681'),(283,5,'SANTANA','15686'),(284,5,'SANTA MARÍA','15690'),(285,5,'SANTA ROSA DE VITERBO','15693'),(286,5,'SANTA SOFÍA','15696'),(287,5,'SATIVANORTE','15720'),(288,5,'SATIVASUR','15723'),(289,5,'SIACHOQUE','15740'),(290,5,'SOATÁ','15753'),(291,5,'SOCOTÁ','15755'),(292,5,'SOCHA','15757'),(293,5,'SOGAMOSO','15759'),(294,5,'SOMONDOCO','15761'),(295,5,'SORA','15762'),(296,5,'SOTAQUIRÁ','15763'),(297,5,'SORACÁ','15764'),(298,5,'SUSACÓN','15774'),(299,5,'SUTAMARCHÁN','15776'),(300,5,'SUTATENZA','15778'),(301,5,'TASCO','15790'),(302,5,'TENZA','15798'),(303,5,'TIBANÁ','15804'),(304,5,'TIBASOSA','15806'),(305,5,'TINJACÁ','15808'),(306,5,'TIPACOQUE','15810'),(307,5,'TOCA','15814'),(308,5,'TOGÜÍ','15816'),(309,5,'TÓPAGA','15820'),(310,5,'TOTA','15822'),(311,5,'TUNUNGUÁ','15832'),(312,5,'TURMEQUÉ','15835'),(313,5,'TUTA','15837'),(314,5,'TUTAZÁ','15839'),(315,5,'ÚMBITA','15842'),(316,5,'VENTAQUEMADA','15861'),(317,5,'VIRACACHÁ','15879'),(318,5,'ZETAQUIRA','15897'),(319,6,'MANIZALES','17001'),(320,6,'AGUADAS','17013'),(321,6,'ANSERMA','17042'),(322,6,'ARANZAZU','17050'),(323,6,'BELALCÁZAR','17088'),(324,6,'CHINCHINÁ','17174'),(325,6,'FILADELFIA','17272'),(326,6,'LA DORADA','17380'),(327,6,'LA MERCED','17388'),(328,6,'MANZANARES','17433'),(329,6,'MARMATO','17442'),(330,6,'MARQUETALIA','17444'),(331,6,'MARULANDA','17446'),(332,6,'NEIRA','17486'),(333,6,'NORCASIA','17495'),(334,6,'PÁCORA','17513'),(335,6,'PALESTINA','17524'),(336,6,'PENSILVANIA','17541'),(337,6,'RIOSUCIO','17614'),(338,6,'RISARALDA','17616'),(339,6,'SALAMINA','17653'),(340,6,'SAMANÁ','17662'),(341,6,'SAN JOSÉ','17665'),(342,6,'SUPÍA','17777'),(343,6,'VICTORIA','17867'),(344,6,'VILLAMARÍA','17873'),(345,6,'VITERBO','17877'),(346,7,'FLORENCIA','18001'),(347,7,'ALBANIA','18029'),(348,7,'BELÉN DE LOS ANDAQUÍES','18094'),(349,7,'CARTAGENA DEL CHAIRÁ','18150'),(350,7,'CURILLO','18205'),(351,7,'EL DONCELLO','18247'),(352,7,'EL PAUJÍL','18256'),(353,7,'LA MONTAÑITA','18410'),(354,7,'MILÁN','18460'),(355,7,'MORELIA','18479'),(356,7,'PUERTO RICO','18592'),(357,7,'SAN JOSÉ DEL FRAGUA','18610'),(358,7,'SAN VICENTE DEL CAGUÁN','18753'),(359,7,'SOLANO','18756'),(360,7,'SOLITA','18785'),(361,7,'VALPARAÍSO','18860'),(362,8,'POPAYÁN','19001'),(363,8,'ALMAGUER','19022'),(364,8,'ARGELIA','19050'),(365,8,'BALBOA','19075'),(366,8,'BOLÍVAR','19100'),(367,8,'BUENOS AIRES','19110'),(368,8,'CAJIBÍO','19130'),(369,8,'CALDONO','19137'),(370,8,'CALOTO','19142'),(371,8,'CORINTO','19212'),(372,8,'EL TAMBO','19256'),(373,8,'FLORENCIA','19290'),(374,8,'GUACHENÉ','19300'),(375,8,'GUAPÍ','19318'),(376,8,'INZÁ','19355'),(377,8,'JAMBALÓ','19364'),(378,8,'LA SIERRA','19392'),(379,8,'LA VEGA','19397'),(380,8,'LÓPEZ DE MICAY','19418'),(381,8,'MERCADERES','19450'),(382,8,'MIRANDA','19455'),(383,8,'MORALES','19473'),(384,8,'PADILLA','19513'),(385,8,'PÁEZ','19517'),(386,8,'PATÍA','19532'),(387,8,'PIAMONTE','19533'),(388,8,'PIENDAMÓ','19548'),(389,8,'PUERTO TEJADA','19573'),(390,8,'PURACÉ','19585'),(391,8,'ROSAS','19622'),(392,8,'SAN SEBASTIÁN','19693'),(393,8,'SANTANDER DE QUILICHAO','19698'),(394,8,'SANTA ROSA','19701'),(395,8,'SILVIA','19743'),(396,8,'SOTARA','19760'),(397,8,'SUÁREZ','19780'),(398,8,'SUCRE','19785'),(399,8,'TIMBÍO','19807'),(400,8,'TIMBIQUÍ','19809'),(401,8,'TORIBÍO','19821'),(402,8,'TOTORÓ','19824'),(403,8,'VILLA RICA','19845'),(404,9,'VALLEDUPAR','20001'),(405,9,'AGUACHICA','20011'),(406,9,'AGUSTÍN CODAZZI','20013'),(407,9,'ASTREA','20032'),(408,9,'BECERRIL','20045'),(409,9,'BOSCONIA','20060'),(410,9,'CHIMICHAGUA','20175'),(411,9,'CHIRIGUANÁ','20178'),(412,9,'CURUMANÍ','20228'),(413,9,'EL COPEY','20238'),(414,9,'EL PASO','20250'),(415,9,'GAMARRA','20295'),(416,9,'GONZÁLEZ','20310'),(417,9,'LA GLORIA','20383'),(418,9,'LA JAGUA DE IBIRICO','20400'),(419,9,'MANAURE BALCÓN DEL CESAR','20443'),(420,9,'PAILITAS','20517'),(421,9,'PELAYA','20550'),(422,9,'PUEBLO BELLO','20570'),(423,9,'RÍO DE ORO','20614'),(424,9,'LA PAZ','20621'),(425,9,'SAN ALBERTO','20710'),(426,9,'SAN DIEGO','20750'),(427,9,'SAN MARTÍN','20770'),(428,9,'TAMALAMEQUE','20787'),(429,10,'MONTERÍA','23001'),(430,10,'AYAPEL','23068'),(431,10,'BUENAVISTA','23079'),(432,10,'CANALETE','23090'),(433,10,'CERETÉ','23162'),(434,10,'CHIMÁ','23168'),(435,10,'CHINÚ','23182'),(436,10,'CIÉNAGA DE ORO','23189'),(437,10,'COTORRA','23300'),(438,10,'LA APARTADA','23350'),(439,10,'LORICA','23417'),(440,10,'LOS CÓRDOBAS','23419'),(441,10,'MOMIL','23464'),(442,10,'MONTELÍBANO','23466'),(443,10,'MOÑITOS','23500'),(444,10,'PLANETA RICA','23555'),(445,10,'PUEBLO NUEVO','23570'),(446,10,'PUERTO ESCONDIDO','23574'),(447,10,'PUERTO LIBERTADOR','23580'),(448,10,'PURÍSIMA DE LA CONCEPCIÓN','23586'),(449,10,'SAHAGÚN','23660'),(450,10,'SAN ANDRÉS DE SOTAVENTO','23670'),(451,10,'SAN ANTERO','23672'),(452,10,'SAN BERNARDO DEL VIENTO','23675'),(453,10,'SAN CARLOS','23678'),(454,10,'SAN JOSÉ DE URÉ','23682'),(455,10,'SAN PELAYO','23686'),(456,10,'TIERRALTA','23807'),(457,10,'TUCHÍN','23815'),(458,10,'VALENCIA','23855'),(459,11,'AGUA DE DIOS','25001'),(460,11,'ALBÁN','25019'),(461,11,'ANAPOIMA','25035'),(462,11,'ANOLAIMA','25040'),(463,11,'ARBELÁEZ','25053'),(464,11,'BELTRÁN','25086'),(465,11,'BITUIMA','25095'),(466,11,'BOJACÁ','25099'),(467,11,'CABRERA','25120'),(468,11,'CACHIPAY','25123'),(469,11,'CAJICÁ','25126'),(470,11,'CAPARRAPÍ','25148'),(471,11,'CÁQUEZA','25151'),(472,11,'CARMEN DE CARUPA','25154'),(473,11,'CHAGUANÍ','25168'),(474,11,'CHÍA','25175'),(475,11,'CHIPAQUE','25178'),(476,11,'CHOACHÍ','25181'),(477,11,'CHOCONTÁ','25183'),(478,11,'COGUA','25200'),(479,11,'COTA','25214'),(480,11,'CUCUNUBÁ','25224'),(481,11,'EL COLEGIO','25245'),(482,11,'EL PEÑÓN','25258'),(483,11,'EL ROSAL','25260'),(484,11,'FACATATIVÁ','25269'),(485,11,'FÓMEQUE','25279'),(486,11,'FOSCA','25281'),(487,11,'FUNZA','25286'),(488,11,'FÚQUENE','25288'),(489,11,'FUSAGASUGÁ','25290'),(490,11,'GACHALÁ','25293'),(491,11,'GACHANCIPÁ','25295'),(492,11,'GACHETÁ','25297'),(493,11,'GAMA','25299'),(494,11,'GIRARDOT','25307'),(495,11,'GRANADA','25312'),(496,11,'GUACHETÁ','25317'),(497,11,'GUADUAS','25320'),(498,11,'GUASCA','25322'),(499,11,'GUATAQUÍ','25324'),(500,11,'GUATAVITA','25326'),(501,11,'GUAYABAL DE SÍQUIMA','25328'),(502,11,'GUAYABETAL','25335'),(503,11,'GUTIÉRREZ','25339'),(504,11,'JERUSALÉN','25368'),(505,11,'JUNÍN','25372'),(506,11,'LA CALERA','25377'),(507,11,'LA MESA','25386'),(508,11,'LA PALMA','25394'),(509,11,'LA PEÑA','25398'),(510,11,'LA VEGA','25402'),(511,11,'LENGUAZAQUE','25407'),(512,11,'MACHETÁ','25426'),(513,11,'MADRID','25430'),(514,11,'MANTA','25436'),(515,11,'MEDINA','25438'),(516,11,'MOSQUERA','25473'),(517,11,'NARIÑO','25483'),(518,11,'NEMOCÓN','25486'),(519,11,'NILO','25488'),(520,11,'NIMAIMA','25489'),(521,11,'NOCAIMA','25491'),(522,11,'VENECIA','25506'),(523,11,'PACHO','25513'),(524,11,'PAIME','25518'),(525,11,'PANDI','25524'),(526,11,'PARATEBUENO','25530'),(527,11,'PASCA','25535'),(528,11,'PUERTO SALGAR','25572'),(529,11,'PULÍ','25580'),(530,11,'QUEBRADANEGRA','25592'),(531,11,'QUETAME','25594'),(532,11,'QUIPILE','25596'),(533,11,'APULO','25599'),(534,11,'RICAURTE','25612'),(535,11,'SAN ANTONIO DEL TEQUENDAMA','25645'),(536,11,'SAN BERNARDO','25649'),(537,11,'SAN CAYETANO','25653'),(538,11,'SAN FRANCISCO','25658'),(539,11,'SAN JUAN DE RIOSECO','25662'),(540,11,'SASAIMA','25718'),(541,11,'SESQUILÉ','25736'),(542,11,'SIBATÉ','25740'),(543,11,'SILVANIA','25743'),(544,11,'SIMIJACA','25745'),(545,11,'SOACHA','25754'),(546,11,'SOPÓ','25758'),(547,11,'SUBACHOQUE','25769'),(548,11,'SUESCA','25772'),(549,11,'SUPATÁ','25777'),(550,11,'SUSA','25779'),(551,11,'SUTATAUSA','25781'),(552,11,'TABIO','25785'),(553,11,'TAUSA','25793'),(554,11,'TENA','25797'),(555,11,'TENJO','25799'),(556,11,'TIBACUY','25805'),(557,11,'TIBIRITA','25807'),(558,11,'TOCAIMA','25815'),(559,11,'TOCANCIPÁ','25817'),(560,11,'TOPAIPÍ','25823'),(561,11,'UBALÁ','25839'),(562,11,'UBAQUE','25841'),(563,11,'VILLA DE SAN DIEGO DE UBATÉ','25843'),(564,11,'UNE','25845'),(565,11,'ÚTICA','25851'),(566,11,'VERGARA','25862'),(567,11,'VIANÍ','25867'),(568,11,'VILLAGÓMEZ','25871'),(569,11,'VILLAPINZÓN','25873'),(570,11,'VILLETA','25875'),(571,11,'VIOTÁ','25878'),(572,11,'YACOPÍ','25885'),(573,11,'ZIPACÓN','25898'),(574,11,'ZIPAQUIRÁ','25899'),(575,12,'QUIBDÓ','27001'),(576,12,'ACANDÍ','27006'),(577,12,'ALTO BAUDÓ','27025'),(578,12,'ATRATO','27050'),(579,12,'BAGADÓ','27073'),(580,12,'BAHÍA SOLANO','27075'),(581,12,'BAJO BAUDÓ','27077'),(582,12,'BOJAYÁ','27099'),(583,12,'EL CANTÓN DEL SAN PABLO','27135'),(584,12,'CARMEN DEL DARIÉN','27150'),(585,12,'CÉRTEGUI','27160'),(586,12,'CONDOTO','27205'),(587,12,'EL CARMEN DE ATRATO','27245'),(588,12,'EL LITORAL DEL SAN JUAN','27250'),(589,12,'ISTMINA','27361'),(590,12,'JURADÓ','27372'),(591,12,'LLORÓ','27413'),(592,12,'MEDIO ATRATO','27425'),(593,12,'MEDIO BAUDÓ','27430'),(594,12,'MEDIO SAN JUAN','27450'),(595,12,'NÓVITA','27491'),(596,12,'NUQUÍ','27495'),(597,12,'RÍO IRÓ','27580'),(598,12,'RÍO QUITO','27600'),(599,12,'RIOSUCIO','27615'),(600,12,'SAN JOSÉ DEL PALMAR','27660'),(601,12,'SIPÍ','27745'),(602,12,'TADÓ','27787'),(603,12,'UNGUÍA','27800'),(604,12,'UNIÓN PANAMERICANA','27810'),(605,13,'NEIVA','41001'),(606,13,'ACEVEDO','41006'),(607,13,'AGRADO','41013'),(608,13,'AIPE','41016'),(609,13,'ALGECIRAS','41020'),(610,13,'ALTAMIRA','41026'),(611,13,'BARAYA','41078'),(612,13,'CAMPOALEGRE','41132'),(613,13,'COLOMBIA','41206'),(614,13,'ELÍAS','41244'),(615,13,'GARZÓN','41298'),(616,13,'GIGANTE','41306'),(617,13,'GUADALUPE','41319'),(618,13,'HOBO','41349'),(619,13,'ÍQUIRA','41357'),(620,13,'ISNOS','41359'),(621,13,'LA ARGENTINA','41378'),(622,13,'LA PLATA','41396'),(623,13,'NÁTAGA','41483'),(624,13,'OPORAPA','41503'),(625,13,'PAICOL','41518'),(626,13,'PALERMO','41524'),(627,13,'PALESTINA','41530'),(628,13,'PITAL','41548'),(629,13,'PITALITO','41551'),(630,13,'RIVERA','41615'),(631,13,'SALADOBLANCO','41660'),(632,13,'SAN AGUSTÍN','41668'),(633,13,'SANTA MARÍA','41676'),(634,13,'SUAZA','41770'),(635,13,'TARQUI','41791'),(636,13,'TESALIA','41797'),(637,13,'TELLO','41799'),(638,13,'TERUEL','41801'),(639,13,'TIMANÁ','41807'),(640,13,'VILLAVIEJA','41872'),(641,13,'YAGUARÁ','41885'),(642,14,'RIOHACHA','44001'),(643,14,'ALBANIA','44035'),(644,14,'BARRANCAS','44078'),(645,14,'DIBULLA','44090'),(646,14,'DISTRACCIÓN','44098'),(647,14,'EL MOLINO','44110'),(648,14,'FONSECA','44279'),(649,14,'HATONUEVO','44378'),(650,14,'LA JAGUA DEL PILAR','44420'),(651,14,'MAICAO','44430'),(652,14,'MANAURE','44560'),(653,14,'SAN JUAN DEL CESAR','44650'),(654,14,'URIBIA','44847'),(655,14,'URUMITA','44855'),(656,14,'VILLANUEVA','44874'),(657,15,'SANTA MARTA','47001'),(658,15,'ALGARROBO','47030'),(659,15,'ARACATACA','47053'),(660,15,'ARIGUANÍ','47058'),(661,15,'CERRO DE SAN ANTONIO','47161'),(662,15,'CHIVOLO','47170'),(663,15,'CIÉNAGA','47189'),(664,15,'CONCORDIA','47205'),(665,15,'EL BANCO','47245'),(666,15,'EL PIÑÓN','47258'),(667,15,'EL RETÉN','47268'),(668,15,'FUNDACIÓN','47288'),(669,15,'GUAMAL','47318'),(670,15,'NUEVA GRANADA','47460'),(671,15,'PEDRAZA','47541'),(672,15,'PIJIÑO DEL CARMEN','47545'),(673,15,'PIVIJAY','47551'),(674,15,'PLATO','47555'),(675,15,'PUEBLOVIEJO','47570'),(676,15,'REMOLINO','47605'),(677,15,'SABANAS DE SAN ÁNGEL','47660'),(678,15,'SALAMINA','47675'),(679,15,'SAN SEBASTIÁN DE BUENAVISTA','47692'),(680,15,'SAN ZENÓN','47703'),(681,15,'SANTA ANA','47707'),(682,15,'SANTA BÁRBARA DE PINTO','47720'),(683,15,'SITIONUEVO','47745'),(684,15,'TENERIFE','47798'),(685,15,'ZAPAYÁN','47960'),(686,15,'ZONA BANANERA','47980'),(687,16,'VILLAVICENCIO','50001'),(688,16,'ACACÍAS','50006'),(689,16,'BARRANCA DE UPÍA','50110'),(690,16,'CABUYARO','50124'),(691,16,'CASTILLA LA NUEVA','50150'),(692,16,'CUBARRAL','50223'),(693,16,'CUMARAL','50226'),(694,16,'EL CALVARIO','50245'),(695,16,'EL CASTILLO','50251'),(696,16,'EL DORADO','50270'),(697,16,'FUENTE DE ORO','50287'),(698,16,'GRANADA','50313'),(699,16,'GUAMAL','50318'),(700,16,'MAPIRIPÁN','50325'),(701,16,'MESETAS','50330'),(702,16,'LA MACARENA','50350'),(703,16,'URIBE','50370'),(704,16,'LEJANÍAS','50400'),(705,16,'PUERTO CONCORDIA','50450'),(706,16,'PUERTO GAITÁN','50568'),(707,16,'PUERTO LÓPEZ','50573'),(708,16,'PUERTO LLERAS','50577'),(709,16,'PUERTO RICO','50590'),(710,16,'RESTREPO','50606'),(711,16,'SAN CARLOS DE GUAROA','50680'),(712,16,'SAN JUAN DE ARAMA','50683'),(713,16,'SAN JUANITO','50686'),(714,16,'SAN MARTÍN','50689'),(715,16,'VISTAHERMOSA','50711'),(716,17,'PASTO','52001'),(717,17,'ALBÁN','52019'),(718,17,'ALDANA','52022'),(719,17,'ANCUYÁ','52036'),(720,17,'ARBOLEDA','52051'),(721,17,'BARBACOAS','52079'),(722,17,'BELÉN','52083'),(723,17,'BUESACO','52110'),(724,17,'COLÓN','52203'),(725,17,'CONSACÁ','52207'),(726,17,'CONTADERO','52210'),(727,17,'CÓRDOBA','52215'),(728,17,'CUASPÚD','52224'),(729,17,'CUMBAL','52227'),(730,17,'CUMBITARA','52233'),(731,17,'CHACHAGÜÍ','52240'),(732,17,'EL CHARCO','52250'),(733,17,'EL PEÑOL','52254'),(734,17,'EL ROSARIO','52256'),(735,17,'EL TABLÓN DE GÓMEZ','52258'),(736,17,'EL TAMBO','52260'),(737,17,'FUNES','52287'),(738,17,'GUACHUCAL','52317'),(739,17,'GUAITARILLA','52320'),(740,17,'GUALMATÁN','52323'),(741,17,'ILES','52352'),(742,17,'IMUÉS','52354'),(743,17,'IPIALES','52356'),(744,17,'LA CRUZ','52378'),(745,17,'LA FLORIDA','52381'),(746,17,'LA LLANADA','52385'),(747,17,'LA TOLA','52390'),(748,17,'LA UNIÓN','52399'),(749,17,'LEIVA','52405'),(750,17,'LINARES','52411'),(751,17,'LOS ANDES','52418'),(752,17,'MAGÜÍ','52427'),(753,17,'MALLAMA','52435'),(754,17,'MOSQUERA','52473'),(755,17,'NARIÑO','52480'),(756,17,'OLAYA HERRERA','52490'),(757,17,'OSPINA','52506'),(758,17,'FRANCISCO PIZARRO','52520'),(759,17,'POLICARPA','52540'),(760,17,'POTOSÍ','52560'),(761,17,'PROVIDENCIA','52565'),(762,17,'PUERRES','52573'),(763,17,'PUPIALES','52585'),(764,17,'RICAURTE','52612'),(765,17,'ROBERTO PAYÁN','52621'),(766,17,'SAMANIEGO','52678'),(767,17,'SANDONÁ','52683'),(768,17,'SAN BERNARDO','52685'),(769,17,'SAN LORENZO','52687'),(770,17,'SAN PABLO','52693'),(771,17,'SAN PEDRO DE CARTAGO','52694'),(772,17,'SANTA BÁRBARA','52696'),(773,17,'SANTACRUZ','52699'),(774,17,'SAPUYES','52720'),(775,17,'TAMINANGO','52786'),(776,17,'TANGUA','52788'),(777,17,'SAN ANDRÉS DE TUMACO','52835'),(778,17,'TÚQUERRES','52838'),(779,17,'YACUANQUER','52885'),(780,18,'CÚCUTA','54001'),(781,18,'ÁBREGO','54003'),(782,18,'ARBOLEDAS','54051'),(783,18,'BOCHALEMA','54099'),(784,18,'BUCARASICA','54109'),(785,18,'CÁCOTA','54125'),(786,18,'CÁCHIRA','54128'),(787,18,'CHINÁCOTA','54172'),(788,18,'CHITAGÁ','54174'),(789,18,'CONVENCIÓN','54206'),(790,18,'CUCUTILLA','54223'),(791,18,'DURANIA','54239'),(792,18,'EL CARMEN','54245'),(793,18,'EL TARRA','54250'),(794,18,'EL ZULIA','54261'),(795,18,'GRAMALOTE','54313'),(796,18,'HACARÍ','54344'),(797,18,'HERRÁN','54347'),(798,18,'LABATECA','54377'),(799,18,'LA ESPERANZA','54385'),(800,18,'LA PLAYA','54398'),(801,18,'LOS PATIOS','54405'),(802,18,'LOURDES','54418'),(803,18,'MUTISCUA','54480'),(804,18,'OCAÑA','54498'),(805,18,'PAMPLONA','54518'),(806,18,'PAMPLONITA','54520'),(807,18,'PUERTO SANTANDER','54553'),(808,18,'RAGONVALIA','54599'),(809,18,'SALAZAR','54660'),(810,18,'SAN CALIXTO','54670'),(811,18,'SAN CAYETANO','54673'),(812,18,'SANTIAGO','54680'),(813,18,'SARDINATA','54720'),(814,18,'SILOS','54743'),(815,18,'TEORAMA','54800'),(816,18,'TIBÚ','54810'),(817,18,'TOLEDO','54820'),(818,18,'VILLA CARO','54871'),(819,18,'VILLA DEL ROSARIO','54874'),(820,19,'ARMENIA','63001'),(821,19,'BUENAVISTA','63111'),(822,19,'CALARCÁ','63130'),(823,19,'CIRCASIA','63190'),(824,19,'CÓRDOBA','63212'),(825,19,'FILANDIA','63272'),(826,19,'GÉNOVA','63302'),(827,19,'LA TEBAIDA','63401'),(828,19,'MONTENEGRO','63470'),(829,19,'PIJAO','63548'),(830,19,'QUIMBAYA','63594'),(831,19,'SALENTO','63690'),(832,20,'PEREIRA','66001'),(833,20,'APÍA','66045'),(834,20,'BALBOA','66075'),(835,20,'BELÉN DE UMBRÍA','66088'),(836,20,'DOSQUEBRADAS','66170'),(837,20,'GUÁTICA','66318'),(838,20,'LA CELIA','66383'),(839,20,'LA VIRGINIA','66400'),(840,20,'MARSELLA','66440'),(841,20,'MISTRATÓ','66456'),(842,20,'PUEBLO RICO','66572'),(843,20,'QUINCHÍA','66594'),(844,20,'SANTA ROSA DE CABAL','66682'),(845,20,'SANTUARIO','66687'),(846,21,'BUCARAMANGA','68001'),(847,21,'AGUADA','68013'),(848,21,'ALBANIA','68020'),(849,21,'ARATOCA','68051'),(850,21,'BARBOSA','68077'),(851,21,'BARICHARA','68079'),(852,21,'BARRANCABERMEJA','68081'),(853,21,'BETULIA','68092'),(854,21,'BOLÍVAR','68101'),(855,21,'CABRERA','68121'),(856,21,'CALIFORNIA','68132'),(857,21,'CAPITANEJO','68147'),(858,21,'CARCASÍ','68152'),(859,21,'CEPITÁ','68160'),(860,21,'CERRITO','68162'),(861,21,'CHARALÁ','68167'),(862,21,'CHARTA','68169'),(863,21,'CHIMA','68176'),(864,21,'CHIPATÁ','68179'),(865,21,'CIMITARRA','68190'),(866,21,'CONCEPCIÓN','68207'),(867,21,'CONFINES','68209'),(868,21,'CONTRATACIÓN','68211'),(869,21,'COROMORO','68217'),(870,21,'CURITÍ','68229'),(871,21,'EL CARMEN DE CHUCURÍ','68235'),(872,21,'EL GUACAMAYO','68245'),(873,21,'EL PEÑÓN','68250'),(874,21,'EL PLAYÓN','68255'),(875,21,'ENCINO','68264'),(876,21,'ENCISO','68266'),(877,21,'FLORIÁN','68271'),(878,21,'FLORIDABLANCA','68276'),(879,21,'GALÁN','68296'),(880,21,'GÁMBITA','68298'),(881,21,'GIRÓN','68307'),(882,21,'GUACA','68318'),(883,21,'GUADALUPE','68320'),(884,21,'GUAPOTÁ','68322'),(885,21,'GUAVATÁ','68324'),(886,21,'GÜEPSA','68327'),(887,21,'HATO','68344'),(888,21,'JESÚS MARÍA','68368'),(889,21,'JORDÁN','68370'),(890,21,'LA BELLEZA','68377'),(891,21,'LANDÁZURI','68385'),(892,21,'LA PAZ','68397'),(893,21,'LEBRIJA','68406'),(894,21,'LOS SANTOS','68418'),(895,21,'MACARAVITA','68425'),(896,21,'MÁLAGA','68432'),(897,21,'MATANZA','68444'),(898,21,'MOGOTES','68464'),(899,21,'MOLAGAVITA','68468'),(900,21,'OCAMONTE','68498'),(901,21,'OIBA','68500'),(902,21,'ONZAGA','68502'),(903,21,'PALMAR','68522'),(904,21,'PALMAS DEL SOCORRO','68524'),(905,21,'PÁRAMO','68533'),(906,21,'PIEDECUESTA','68547'),(907,21,'PINCHOTE','68549'),(908,21,'PUENTE NACIONAL','68572'),(909,21,'PUERTO PARRA','68573'),(910,21,'PUERTO WILCHES','68575'),(911,21,'RIONEGRO','68615'),(912,21,'SABANA DE TORRES','68655'),(913,21,'SAN ANDRÉS','68669'),(914,21,'SAN BENITO','68673'),(915,21,'SAN GIL','68679'),(916,21,'SAN JOAQUÍN','68682'),(917,21,'SAN JOSÉ DE MIRANDA','68684'),(918,21,'SAN MIGUEL','68686'),(919,21,'SAN VICENTE DE CHUCURÍ','68689'),(920,21,'SANTA BÁRBARA','68705'),(921,21,'SANTA HELENA DEL OPÓN','68720'),(922,21,'SIMACOTA','68745'),(923,21,'SOCORRO','68755'),(924,21,'SUAITA','68770'),(925,21,'SUCRE','68773'),(926,21,'SURATÁ','68780'),(927,21,'TONA','68820'),(928,21,'VALLE DE SAN JOSÉ','68855'),(929,21,'VÉLEZ','68861'),(930,21,'VETAS','68867'),(931,21,'VILLANUEVA','68872'),(932,21,'ZAPATOCA','68895'),(933,22,'SINCELEJO','70001'),(934,22,'BUENAVISTA','70110'),(935,22,'CAIMITO','70124'),(936,22,'COLOSÓ','70204'),(937,22,'COROZAL','70215'),(938,22,'COVEÑAS','70221'),(939,22,'CHALÁN','70230'),(940,22,'EL ROBLE','70233'),(941,22,'GALERAS','70235'),(942,22,'GUARANDA','70265'),(943,22,'LA UNIÓN','70400'),(944,22,'LOS PALMITOS','70418'),(945,22,'MAJAGUAL','70429'),(946,22,'MORROA','70473'),(947,22,'OVEJAS','70508'),(948,22,'PALMITO','70523'),(949,22,'SAMPUÉS','70670'),(950,22,'SAN BENITO ABAD','70678'),(951,22,'SAN JUAN DE BETULIA','70702'),(952,22,'SAN MARCOS','70708'),(953,22,'SAN ONOFRE','70713'),(954,22,'SAN PEDRO','70717'),(955,22,'SAN LUIS DE SINCÉ','70742'),(956,22,'SUCRE','70771'),(957,22,'SANTIAGO DE TOLÚ','70820'),(958,22,'TOLÚ VIEJO','70823'),(959,23,'IBAGUÉ','73001'),(960,23,'ALPUJARRA','73024'),(961,23,'ALVARADO','73026'),(962,23,'AMBALEMA','73030'),(963,23,'ANZOÁTEGUI','73043'),(964,23,'ARMERO GUAYABAL','73055'),(965,23,'ATACO','73067'),(966,23,'CAJAMARCA','73124'),(967,23,'CARMEN DE APICALÁ','73148'),(968,23,'CASABIANCA','73152'),(969,23,'CHAPARRAL','73168'),(970,23,'COELLO','73200'),(971,23,'COYAIMA','73217'),(972,23,'CUNDAY','73226'),(973,23,'DOLORES','73236'),(974,23,'ESPINAL','73268'),(975,23,'FALAN','73270'),(976,23,'FLANDES','73275'),(977,23,'FRESNO','73283'),(978,23,'GUAMO','73319'),(979,23,'HERVEO','73347'),(980,23,'HONDA','73349'),(981,23,'ICONONZO','73352'),(982,23,'LÉRIDA','73408'),(983,23,'LÍBANO','73411'),(984,23,'SAN SEBASTIÁN DE MARIQUITA','73443'),(985,23,'MELGAR','73449'),(986,23,'MURILLO','73461'),(987,23,'NATAGAIMA','73483'),(988,23,'ORTEGA','73504'),(989,23,'PALOCABILDO','73520'),(990,23,'PIEDRAS','73547'),(991,23,'PLANADAS','73555'),(992,23,'PRADO','73563'),(993,23,'PURIFICACIÓN','73585'),(994,23,'RIOBLANCO','73616'),(995,23,'RONCESVALLES','73622'),(996,23,'ROVIRA','73624'),(997,23,'SALDAÑA','73671'),(998,23,'SAN ANTONIO','73675'),(999,23,'SAN LUIS','73678'),(1000,23,'SANTA ISABEL','73686'),(1001,23,'SUÁREZ','73770'),(1002,23,'VALLE DE SAN JUAN','73854'),(1003,23,'VENADILLO','73861'),(1004,23,'VILLAHERMOSA','73870'),(1005,23,'VILLARRICA','73873'),(1006,24,'CALI','76001'),(1007,24,'ALCALÁ','76020'),(1008,24,'ANDALUCÍA','76036'),(1009,24,'ANSERMANUEVO','76041'),(1010,24,'ARGELIA','76054'),(1011,24,'BOLÍVAR','76100'),(1012,24,'BUENAVENTURA','76109'),(1013,24,'GUADALAJARA DE BUGA','76111'),(1014,24,'BUGALAGRANDE','76113'),(1015,24,'CAICEDONIA','76122'),(1016,24,'CALIMA','76126'),(1017,24,'CANDELARIA','76130'),(1018,24,'CARTAGO','76147'),(1019,24,'DAGUA','76233'),(1020,24,'EL ÁGUILA','76243'),(1021,24,'EL CAIRO','76246'),(1022,24,'EL CERRITO','76248'),(1023,24,'EL DOVIO','76250'),(1024,24,'FLORIDA','76275'),(1025,24,'GINEBRA','76306'),(1026,24,'GUACARÍ','76318'),(1027,24,'JAMUNDÍ','76364'),(1028,24,'LA CUMBRE','76377'),(1029,24,'LA UNIÓN','76400'),(1030,24,'LA VICTORIA','76403'),(1031,24,'OBANDO','76497'),(1032,24,'PALMIRA','76520'),(1033,24,'PRADERA','76563'),(1034,24,'RESTREPO','76606'),(1035,24,'RIOFRÍO','76616'),(1036,24,'ROLDANILLO','76622'),(1037,24,'SAN PEDRO','76670'),(1038,24,'SEVILLA','76736'),(1039,24,'TORO','76823'),(1040,24,'TRUJILLO','76828'),(1041,24,'TULUÁ','76834'),(1042,24,'ULLOA','76845'),(1043,24,'VERSALLES','76863'),(1044,24,'VIJES','76869'),(1045,24,'YOTOCO','76890'),(1046,24,'YUMBO','76892'),(1047,24,'ZARZAL','76895'),(1048,25,'ARAUCA','81001'),(1049,25,'ARAUQUITA','81065'),(1050,25,'CRAVO NORTE','81220'),(1051,25,'FORTUL','81300'),(1052,25,'PUERTO RONDÓN','81591'),(1053,25,'SARAVENA','81736'),(1054,25,'TAME','81794'),(1055,26,'YOPAL','85001'),(1056,26,'AGUAZUL','85010'),(1057,26,'CHÁMEZA','85015'),(1058,26,'HATO COROZAL','85125'),(1059,26,'LA SALINA','85136'),(1060,26,'MANÍ','85139'),(1061,26,'MONTERREY','85162'),(1062,26,'NUNCHÍA','85225'),(1063,26,'OROCUÉ','85230'),(1064,26,'PAZ DE ARIPORO','85250'),(1065,26,'PORE','85263'),(1066,26,'RECETOR','85279'),(1067,26,'SABANALARGA','85300'),(1068,26,'SÁCAMA','85315'),(1069,26,'SAN LUIS DE PALENQUE','85325'),(1070,26,'TÁMARA','85400'),(1071,26,'TAURAMENA','85410'),(1072,26,'TRINIDAD','85430'),(1073,26,'VILLANUEVA','85440'),(1074,27,'MOCOA','86001'),(1075,27,'COLÓN','86219'),(1076,27,'ORITO','86320'),(1077,27,'PUERTO ASÍS','86568'),(1078,27,'PUERTO CAICEDO','86569'),(1079,27,'PUERTO GUZMÁN','86571'),(1080,27,'PUERTO LEGUÍZAMO','86573'),(1081,27,'SIBUNDOY','86749'),(1082,27,'SAN FRANCISCO','86755'),(1083,27,'SAN MIGUEL','86757'),(1084,27,'SANTIAGO','86760'),(1085,27,'VALLE DEL GUAMUEZ','86865'),(1086,27,'VILLAGARZÓN','86885'),(1087,28,'SAN ANDRÉS','88001'),(1088,28,'PROVIDENCIA','88564'),(1089,29,'LETICIA','91001'),(1090,29,'EL ENCANTO','91263'),(1091,29,'LA CHORRERA','91405'),(1092,29,'LA PEDRERA','91407'),(1093,29,'LA VICTORIA','91430'),(1094,29,'MIRITÍ - PARANÁ','91460'),(1095,29,'PUERTO ALEGRÍA','91530'),(1096,29,'PUERTO ARICA','91536'),(1097,29,'PUERTO NARIÑO','91540'),(1098,29,'PUERTO SANTANDER','91669'),(1099,29,'TARAPACÁ','91798'),(1100,30,'INÍRIDA','94001'),(1101,30,'BARRANCO MINAS','94343'),(1102,30,'MAPIRIPANA','94663'),(1103,30,'SAN FELIPE','94883'),(1104,30,'PUERTO COLOMBIA','94884'),(1105,30,'LA GUADALUPE','94885'),(1106,30,'CACAHUAL','94886'),(1107,30,'PANA PANA','94887'),(1108,30,'MORICHAL','94888'),(1109,31,'SAN JOSÉ DEL GUAVIARE','95001'),(1110,31,'CALAMAR','95015'),(1111,31,'EL RETORNO','95025'),(1112,31,'MIRAFLORES','95200'),(1113,32,'MITÚ','97001'),(1114,32,'CARURÚ','97161'),(1115,32,'PACOA','97511'),(1116,32,'TARAIRA','97666'),(1117,32,'PAPUNAUA','97777'),(1118,32,'YAVARATÉ','97889'),(1119,33,'PUERTO CARREÑO','99001'),(1120,33,'LA PRIMAVERA','99524'),(1121,33,'SANTA ROSALÍA','99624'),(1122,33,'CUMARIBO','99773');
/*!40000 ALTER TABLE `municipalities` ENABLE KEYS */;
UNLOCK TABLES;
/*!40103 SET TIME_ZONE=@OLD_TIME_ZONE */;

/*!40101 SET SQL_MODE=@OLD_SQL_MODE */;
/*!40014 SET FOREIGN_KEY_CHECKS=@OLD_FOREIGN_KEY_CHECKS */;
/*!40014 SET UNIQUE_CHECKS=@OLD_UNIQUE_CHECKS */;
/*!40101 SET CHARACTER_SET_CLIENT=@OLD_CHARACTER_SET_CLIENT */;
/*!40101 SET CHARACTER_SET_RESULTS=@OLD_CHARACTER_SET_RESULTS */;
/*!40101 SET COLLATION_CONNECTION=@OLD_COLLATION_CONNECTION */;
/*!40111 SET SQL_NOTES=@OLD_SQL_NOTES */;

-- Dump completed on 2016-02-22 15:25:18

